dra_id,dra_title,dra_year,dra_time,drama_url
1,Move to Heaven,2021,52 min.,"https://m.media-amazon.com/images/M/MV5BYjNhMDM4YWYtYWE1MS00NTQzLWE4OTctNWU5ZjA5OWYxZWRjXkEyXkFqcGdeQXVyMTEzMTI1Mjk3._V1_SY150_CR0,0,101,150_.jpg"
2,Hospital Playlist,2020,1 hr. 30 min.,"https://m.media-amazon.com/images/M/MV5BN2I0OTAwNWYtODk2NC00MjRkLWJkZDAtMmJmYmZjNWRiYmZhXkEyXkFqcGdeQXVyNDY5MjMyNTg@._V1_SY150_CR2,0,101,150_.jpg"
3,Flower of Evil,2020,1 hr. 10 min.,"https://m.media-amazon.com/images/M/MV5BODNmNzhlYzItYjJjMC00YTUyLWJhMTQtZWRmY2JhM2RiNTljXkEyXkFqcGdeQXVyMTAwMzM3NDI3._V1_SY150_CR2,0,101,150_.jpg"
4,Hospital Playlist 2,2021,1 hr. 40 min.,"https://m.media-amazon.com/images/M/MV5BN2I0OTAwNWYtODk2NC00MjRkLWJkZDAtMmJmYmZjNWRiYmZhXkEyXkFqcGdeQXVyNDY5MjMyNTg@._V1_SY150_CR2,0,101,150_.jpg"
5,My Mister,2018,1 hr. 17 min.,"https://m.media-amazon.com/images/M/MV5BYTc2ZWRkYTQtZmQyYS00ZTM3LWFiY2YtOWE1MjhlNTlhNzkwXkEyXkFqcGdeQXVyMjUxMTY3ODM@._V1_SY150_CR1,0,101,150_.jpg"
6,Prison Playbook,2017,1 hr. 32 min.,"https://m.media-amazon.com/images/M/MV5BMTQzMzYwNzEtY2U1Zi00MTA1LWJhZTctZjE2NjMzYjlmNmQwXkEyXkFqcGdeQXVyMzE4MDkyNTA@._V1_SY150_CR2,0,101,150_.jpg"
7,Reply 1988,2015,1 hr. 40 min.,"https://m.media-amazon.com/images/M/MV5BNDYwODdiOTItZTExZC00ZDZjLTkyODMtMWYxODVlMjQ0YjQxXkEyXkFqcGdeQXVyNjExNTE4MzU@._V1_SY150_CR2,0,101,150_.jpg"
8,It's Okay to Not Be Okay,2020,1 hr. 15 min.,"https://m.media-amazon.com/images/M/MV5BYTk0Nzk5ZWYtYTNlZi00YjBjLWJhYjctMWMwMmYyMDA5ZjJmXkEyXkFqcGdeQXVyNDY5MjMyNTg@._V1_SY150_CR2,0,101,150_.jpg"
9,Mr. Queen,2020,1 hr. 20 min.,"https://m.media-amazon.com/images/M/MV5BODc2MmI5ODAtOWI0Zi00ZGY4LTgxZjgtYzY0NWVhMDVmMWY2XkEyXkFqcGdeQXVyNDY5MjMyNTg@._V1_SY150_CR2,0,101,150_.jpg"
10,Mother,2018,1 hr. 3 min.,"https://m.media-amazon.com/images/M/MV5BMTQzMTg0NDA1M15BMl5BanBnXkFtZTgwODUzMTE0MjE@._V1_QL75_UY148_CR2,0,100,148_.jpg"
11,Signal,2016,1 hr. 15 min.,"https://m.media-amazon.com/images/M/MV5BMmE2NzBjOTQtODcxYi00NzFhLWJhOTktYWUwZDQzNjI0NDA0XkEyXkFqcGdeQXVyNjc3MjQzNTI@._V1_SY150_CR1,0,101,150_.jpg"
12,Navillera,2021,1 hr. 5 min.,"https://m.media-amazon.com/images/M/MV5BNmU1OTYwN2UtNjFlZi00MThlLWFlYWItNGFkYjk2NGZiNjc1XkEyXkFqcGdeQXVyNDYzNDg2MTM@._V1_SY150_CR2,0,101,150_.jpg"
13,Happiness,2021,1 hr. 5 min.,"https://m.media-amazon.com/images/M/MV5BNmE5ZGY0NjctYjc4MC00ODc5LThiYzMtOWQ2NzI0MjJkY2I5XkEyXkFqcGdeQXVyNDY5MjMyNTg@._V1_QL75_UY148_CR2,0,100,148_.jpg"
14,Vincenzo,2021,1 hr. 25 min.,"https://m.media-amazon.com/images/M/MV5BYWIwYTg2Y2YtYzEwNy00Y2Y0LWFkZjktNjBlMWZhNDY2NGE0XkEyXkFqcGdeQXVyNDY5MjMyNTg@._V1_SY150_CR2,0,101,150_.jpg"
15,Crash Landing on You,2019,1 hr. 25 min.,"https://m.media-amazon.com/images/M/MV5BMzRiZWUyN2YtNDI4YS00NTg2LTg0OTgtMGI2ZjU4ODQ4Yjk3XkEyXkFqcGdeQXVyNTI5NjIyMw@@._V1_SY150_CR2,0,101,150_.jpg"
16,SKY Castle,2018,1 hr. 15 min.,"https://m.media-amazon.com/images/M/MV5BNDFhZmY2NTgtMzljYy00MTlhLTgyMjItNTEwZWJkYThhYzkyXkEyXkFqcGdeQXVyNTgyNTA4MjM@._V1_SX101_CR0,0,101,150_.jpg"
17,Kingdom,2020,45 min.,"https://m.media-amazon.com/images/M/MV5BMjE1MzYzNjk3OF5BMl5BanBnXkFtZTgwMzk0MzYwNzE@._V1_SX101_CR0,0,101,150_.jpg"
18,Mr. Sunshine,2018,1 hr. 20 min.,"https://m.media-amazon.com/images/M/MV5BOWU3MjlmODAtZGU5NS00NmFjLTg1NmItNjU3MjQ5MmM1YWJjXkEyXkFqcGdeQXVyNjc3MjQzNTI@._V1_SX101_CR0,0,101,150_.jpg"
19,Healer,2014,60 min.,"https://m.media-amazon.com/images/M/MV5BZGE3NGI4ZDQtNzJjOC00Y2ZjLTgxNGItNzhmZjU4YWM0ZmI4XkEyXkFqcGdeQXVyNjUyNzU5NzA@._V1_SY150_CR2,0,101,150_.jpg"
20,Stranger,2017,1 hr. 10 min.,"https://m.media-amazon.com/images/M/MV5BMDZkYmVhNjMtNWU4MC00MDQxLWE3MjYtZGMzZWI1ZjhlOWJmXkEyXkFqcGdeQXVyMTkxNjUyNQ@@._V1_SY150_CR9,0,101,150_.jpg"
21,Goblin,2016,1 hr. 22 min.,"https://m.media-amazon.com/images/M/MV5BN2U2OWQ5YTUtZTRlYS00M2I2LTk3MzEtNTQ0OTNiNGY3ZTc3XkEyXkFqcGdeQXVyMzgxODM4NjM@._V1_SX101_CR0,0,101,150_.jpg"
22,Hometown Cha-Cha-Cha,2021,1 hr. 20 min.,"https://m.media-amazon.com/images/M/MV5BM2U3N2E5N2QtZDM1OC00N2QxLThjOTgtZmQ0OWRiYTUwZTAyXkEyXkFqcGdeQXVyNDY5MjMyNTg@._V1_SY150_CR2,0,101,150_.jpg"
23,The Uncanny Counter,2020,1 hr. 10 min.,"https://m.media-amazon.com/images/M/MV5BOTk5NmIxNTgtNWRjYS00OWQ4LTlhOTctOGU0NzlkODQ3Zjg2XkEyXkFqcGdeQXVyNDY5MjMyNTg@._V1_SY150_CR2,0,101,150_.jpg"
24,D.P.,2021,50 min.,"https://m.media-amazon.com/images/M/MV5BNDc3MDM4YjktOGE4NS00OGU4LWEwNWItY2RjMGE4N2YzOGVmXkEyXkFqcGdeQXVyMTEzMTI1Mjk3._V1_SY150_CR0,0,101,150_.jpg"
25,Kingdom,2019,51 min.,"https://m.media-amazon.com/images/M/MV5BMjE1MzYzNjk3OF5BMl5BanBnXkFtZTgwMzk0MzYwNzE@._V1_SX101_CR0,0,101,150_.jpg"
26,The Penthouse,2020,1 hr. 25 min.,"https://m.media-amazon.com/images/M/MV5BNmQwMWRkMzMtZDNhMC00NWRiLWI3ZTktMjIyZDY1MGYwODg4XkEyXkFqcGdeQXVyNTA0NDMwMTU@._V1_SY150_CR2,0,101,150_.jpg"
27,Weightlifting Fairy Kim Bok Joo,2016,60 min.,"https://m.media-amazon.com/images/M/MV5BOTMwNTc0NDYtOWY2Yi00Y2QyLWFiODYtYzBmY2FlYjE4NjJiL2ltYWdlL2ltYWdlXkEyXkFqcGdeQXVyMzE4MDkyNTA@._V1_SY150_CR0,0,101,150_.jpg"
28,The Devil Judge,2021,1 hr. 10 min.,"https://m.media-amazon.com/images/M/MV5BYTM0MGQ3ZGYtYTg0NC00NTljLTkyNDgtNWRhZmQwMjY3ZjllXkEyXkFqcGdeQXVyNDYzNDg2MTM@._V1_SY150_CR2,0,101,150_.jpg"
29,Life on Mars,2018,1 hr. 5 min.,"https://m.media-amazon.com/images/M/MV5BZTY4Zjg2YzQtNGNjNC00YjdhLWE3OTMtYTM3YjRmNjBkZDE0XkEyXkFqcGdeQXVyNTA4NzY1MzY@._V1_SY150_CR0,0,101,150_.jpg"
30,The Penthouse 2,2021,1 hr. 15 min.,"https://m.media-amazon.com/images/M/MV5BM2Q4NjY2ZWEtNmJmMi00YTczLTgwMGYtYzhkMzI2ODBlMTZjXkEyXkFqcGdeQXVyNDY5MjMyNTg@._V1_SY150_CR2,0,101,150_.jpg"
31,Beyond Evil,2021,1 hr. 5 min.,"https://m.media-amazon.com/images/M/MV5BMDYzMjFkZDYtYzYxMy00YjZkLThiMmQtYjhiM2M1MzdiMzU5XkEyXkFqcGdeQXVyNDY5MjMyNTg@._V1_SY150_CR1,0,101,150_.jpg"
32,Taxi Driver,2021,1 hr. 5 min.,"https://m.media-amazon.com/images/M/MV5BM2M1MmVhNDgtNmI0YS00ZDNmLTkyNjctNTJiYTQ2N2NmYzc2XkEyXkFqcGdeQXVyNzkwMjQ5NzM@._V1_SX101_CR0,0,101,150_.jpg"
33,Six Flying Dragons,2015,60 min.,"https://m.media-amazon.com/images/M/MV5BZTUxZWRlZDQtY2Y2My00NjM2LWJiNzQtOTZjNGFmZDM5NWFlXkEyXkFqcGdeQXVyMTExNDQ2MTI@._V1_SX101_CR0,0,101,150_.jpg"
34,The Guest,2018,1 hr. 7 min.,"https://m.media-amazon.com/images/M/MV5BNzQzNTZlNzUtZTgxYS00YTZjLWJlODItYmEyZDZkMDgwZWQ4XkEyXkFqcGdeQXVyMzE4MDkyNTA@._V1_QL75_UY148_CR2,0,100,148_.jpg"
35,Racket Boys,2021,1 hr. 15 min.,"https://m.media-amazon.com/images/M/MV5BODMyMTNhNDEtNjljNy00Zjc1LThmMzUtZTdjODkzMDYzM2QyXkEyXkFqcGdeQXVyNDY5MjMyNTg@._V1_SY150_CR2,0,101,150_.jpg"
36,Youth of May,2021,1 hr. 10 min.,"https://m.media-amazon.com/images/M/MV5BYTYzMTMzMDItNThlYS00ZmVhLTk0NDQtZTk1MDYyNmVjODdmXkEyXkFqcGdeQXVyNDU4MDQ0MjM@._V1_SX101_CR0,0,101,150_.jpg"
37,Mouse,2021,1 hr. 15 min.,"https://m.media-amazon.com/images/M/MV5BMWFhN2M4MzAtOGUxYi00YzVhLWI0NDUtMzQ0MTFjMGU2NGIwXkEyXkFqcGdeQXVyNDU4MDQ0MjM@._V1_SY150_CR2,0,101,150_.jpg"
38,Sweet Home,2020,52 min.,"https://m.media-amazon.com/images/M/MV5BMDlkMzZiM2EtZDMxZC00ZWUwLTliMDMtMGMzMzE3NTEzMThiXkEyXkFqcGdeQXVyMTEzMTI1Mjk3._V1_SY150_CR9,0,101,150_.jpg"
39,18 Again,2020,1 hr. 10 min.,"https://m.media-amazon.com/images/M/MV5BN2JhYjMyN2YtM2FjMC00YjI1LWE4M2EtNmY2MjI0ZGZmY2M4XkEyXkFqcGdeQXVyNDU4MDQ0MjM@._V1_SX101_CR0,0,101,150_.jpg"
40,Chicago Typewriter,2017,1 hr. 10 min.,"https://m.media-amazon.com/images/M/MV5BNGIyYjM2YjktZTliMi00YzQ4LThkZDctYzY5NDVhMjgwZjA0XkEyXkFqcGdeQXVyMzE4MDkyNTA@._V1_SY150_CR1,0,101,150_.jpg"
41,Defendant,2017,1 hr. 10 min.,"https://m.media-amazon.com/images/M/MV5BYWFlYjQzZjQtOTE4Ni00NWI0LTg4ZTMtNzQyMjMzMmNhYzFlXkEyXkFqcGdeQXVyMTE2MDU0NzAw._V1_SY150_CR6,0,101,150_.jpg"
42,While You Were Sleeping,2017,30 min.,"https://m.media-amazon.com/images/M/MV5BMGI5OGRiNTgtYzdkNS00N2E1LTgxMmQtYTQyNjk4YmEyM2IzXkEyXkFqcGdeQXVyNDQ0MTYzMDA@._V1_SX101_CR0,0,101,150_.jpg"
43,Dear My Friends,2016,1 hr. 10 min.,"https://m.media-amazon.com/images/M/MV5BZjVjOGI0ZGEtYzQ2YS00NTFmLTg4MGMtM2ViYTRiNThhMDZiXkEyXkFqcGdeQXVyMzE4MDkyNTA@._V1_SY150_CR2,0,101,150_.jpg"
44,Dr. Romantic 2,2020,1 hr. 10 min.,"https://m.media-amazon.com/images/M/MV5BYmMyMTRjNzktODQwYS00YzUxLThiMWEtY2UwNWE5Y2E3NDcxXkEyXkFqcGdeQXVyNjI4NDY5ODM@._V1_SX101_CR0,0,101,150_.jpg"
45,"Kill Me, Heal Me",2015,1 hr. 2 min.,"https://m.media-amazon.com/images/M/MV5BNzdjMmM2Y2EtN2JhYi00ZmQ4LWJlZWYtMzRjNWQ5ZGU4ZTEwXkEyXkFqcGdeQXVyNDY5MjMyNTg@._V1_SX101_CR0,0,101,150_.jpg"
46,Arthdal Chronicles Part 2,2019,1 hr. 21 min.,"https://m.media-amazon.com/images/M/MV5BMGJiZDc1OWMtNzMwMC00NzM0LTljMDgtZGJjODVhZDMzMmJjXkEyXkFqcGdeQXVyODk4OTc3MTY@._V1_SY150_CR0,0,101,150_.jpg"
47,Misaeng,2014,1 hr. 20 min.,"https://m.media-amazon.com/images/M/MV5BZmNiYjU3MDYtZDhlNy00ZWZjLTg0ZWUtYzA1OGQ3NTJkMDRlXkEyXkFqcGdeQXVyMzE4MDkyNTA@._V1_SY150_CR1,0,101,150_.jpg"
48,Arthdal Chronicles Part 3,2019,1 hr. 20 min.,"https://m.media-amazon.com/images/M/MV5BZjM4NWM0NWQtOGM5NS00ZDZhLTgxMjMtM2UzNDBhYWQ0ODU1XkEyXkFqcGdeQXVyNTE1NjY5Mg@@._V1_SY150_CR2,0,101,150_.jpg"
49,My Name,2021,50 min.,"https://m.media-amazon.com/images/M/MV5BZmMyNmMxZWYtODIyNy00NjE5LThjYjYtYmIwN2NmZGZiZjM5XkEyXkFqcGdeQXVyMTEzMTI1Mjk3._V1_SY150_CR0,0,101,150_.jpg"
50,Hotel del Luna,2019,1 hr. 20 min.,"https://m.media-amazon.com/images/M/MV5BNWU3M2YxZmEtZTZiMi00NTBhLWEyYWMtOTBhOTEyMzkyYmI4XkEyXkFqcGdeQXVyMTA3MzQ4MTc0._V1_SX101_CR0,0,101,150_.jpg"
51,Dr. Romantic,2016,60 min.,"https://m.media-amazon.com/images/M/MV5BYmMyMTRjNzktODQwYS00YzUxLThiMWEtY2UwNWE5Y2E3NDcxXkEyXkFqcGdeQXVyNjI4NDY5ODM@._V1_SX101_CR0,0,101,150_.jpg"
52,The Fiery Priest,2019,35 min.,"https://m.media-amazon.com/images/M/MV5BNmJjMWNkOTctMTE4ZS00MTJlLWEyZjAtOThjMDM0Njk2MTMwXkEyXkFqcGdeQXVyMzE4MDkyNTA@._V1_SX101_CR0,0,101,150_.jpg"
53,Moon Lovers,2016,60 min.,"https://m.media-amazon.com/images/M/MV5BNmVmZWRmMjctZDk3OS00MzNlLTllNjAtZmI3YmJhNDRmZTc4XkEyXkFqcGdeQXVyNjgzNjE2MzY@._V1_SX101_CR0,0,101,150_.jpg"
54,Descendants of the Sun,2016,60 min.,"https://m.media-amazon.com/images/M/MV5BM2ExNGE4ZjItMmY5My00ZDU5LWJiMzMtOTFjMDRmNWVlMzZiXkEyXkFqcGdeQXVyMzE4MDkyNTA@._V1_SY150_CR2,0,101,150_.jpg"
55,Hot Stove League,2019,1 hr. 2 min.,"https://m.media-amazon.com/images/M/MV5BM2U3OTk1YTMtNWYyOS00ZWYxLTgyZGMtOTNmNGYyMzUwMThkXkEyXkFqcGdeQXVyMzE4MDkyNTA@._V1_SY150_CR2,0,101,150_.jpg"
56,Strong Woman Do Bong Soon,2017,1 hr. 7 min.,"https://m.media-amazon.com/images/M/MV5BZWUyYmMyMjktMmFjNC00ZGFiLThjODYtNjQ1MzQyODhmZmVmXkEyXkFqcGdeQXVyMTMxODk2OTU@._V1_SY150_CR3,0,101,150_.jpg"
57,Law School,2021,1 hr. 5 min.,"https://m.media-amazon.com/images/M/MV5BYTJhMjAxZTEtODg3Yy00MWQ4LWEzOGQtZDg4Y2IzODcwZjEwXkEyXkFqcGdeQXVyNDY5MjMyNTg@._V1_SX101_CR0,0,101,150_.jpg"
58,Live,2018,1 hr. 15 min.,"https://m.media-amazon.com/images/M/MV5BY2YxODFmOGUtMjY1OC00YTk5LTlkNWEtMzU5MWYxNTgwNzkxXkEyXkFqcGdeQXVyODUxOTU0OTg@._V1_SY150_CR0,0,101,150_.jpg"
59,Tunnel,2017,60 min.,"https://m.media-amazon.com/images/M/MV5BNDQwNjk0NTA2NV5BMl5BanBnXkFtZTgwODc4Mjc2ODE@._V1_SX101_CR0,0,101,150_.jpg"
60,Strangers from Hell,2019,60 min.,"https://m.media-amazon.com/images/M/MV5BNTlkZTc2YzktZGEwYS00YzJmLWI3M2YtMmI1M2Y2MDNlNmI1XkEyXkFqcGdeQXVyOTE4NzcwNzI@._V1_SY150_CR2,0,101,150_.jpg"
61,"It's Okay, That's Love",2014,60 min.,"https://m.media-amazon.com/images/M/MV5BZDJiNjUyOGUtZTc0Zi00ZDFhLTg4NzUtOTM2NGFhZGI4ZTQ4XkEyXkFqcGdeQXVyMzE4MDkyNTA@._V1_SY150_CR2,0,101,150_.jpg"
62,Eulachacha Waikiki,2018,1 hr. 5 min.,"https://m.media-amazon.com/images/M/MV5BMTkwZmM2N2MtZTBjYy00ODM1LTgxNTAtOTc1OWI0MzRkMTJjXkEyXkFqcGdeQXVyMzE4MDkyNTA@._V1_SY150_CR2,0,101,150_.jpg"
63,The Bridal Mask,2012,1 hr. 5 min.,"https://m.media-amazon.com/images/M/MV5BODQ1YTdmOGUtNmJiMS00ODE0LThhNjgtN2Y4M2NkNjNiZDU1XkEyXkFqcGdeQXVyMzE4MDkyNTA@._V1_SY150_CR1,0,101,150_.jpg"
64,Partners for Justice 2,2019,35 min.,"https://m.media-amazon.com/images/M/MV5BYzEzZGQyNGUtMDhlMS00MmQ1LTlkMGItMzc3MzNjODQxMTUyXkEyXkFqcGdeQXVyNjc3MjQzNTI@._V1_SX101_CR0,0,101,150_.jpg"
65,Jewel in the Palace,2003,1 hr. 5 min.,"https://m.media-amazon.com/images/M/MV5BOWEzNjE5MzQtZjcyYy00ODQ3LThlYmEtMjQyMWI5MjM1ZmExXkEyXkFqcGdeQXVyNTcyNTg3Nzc@._V1_SY150_CR10,0,101,150_.jpg"
66,My Father is Strange,2017,1 hr. 6 min.,"https://m.media-amazon.com/images/M/MV5BMjNhYzRlZjEtYmQxNC00M2I4LTkxNDctZTJlYjg0OTJmOTczXkEyXkFqcGdeQXVyMzE4MDkyNTA@._V1_SY150_CR2,0,101,150_.jpg"
67,Children of Nobody,2018,30 min.,"https://m.media-amazon.com/images/M/MV5BN2I0NmMzYzItMWU1MC00NDIwLTllOTUtMDA0NWY2ZWE0MzRiXkEyXkFqcGdeQXVyMzE4MDkyNTA@._V1_SX101_CR0,0,101,150_.jpg"
68,Go Back Couple,2017,1 hr. 10 min.,"https://m.media-amazon.com/images/M/MV5BYmQxNDQxY2QtYWM3MC00NGRkLTg0NDctMTdhNWJkNTRiODE4XkEyXkFqcGdeQXVyMzE4MDkyNTA@._V1_SY150_CR0,0,101,150_.jpg"
69,Good Manager,2017,60 min.,"https://m.media-amazon.com/images/M/MV5BMjU4Yzc3ZTctOGU5Yi00YjY0LWI0ZjktZDg4ZGIyZDNhOTA5L2ltYWdlXkEyXkFqcGdeQXVyNzk0NTA5NQ@@._V1_SX101_CR0,0,101,150_.jpg"
70,Stranger 2,2020,1 hr. 2 min.,"https://m.media-amazon.com/images/M/MV5BMDZkYmVhNjMtNWU4MC00MDQxLWE3MjYtZGMzZWI1ZjhlOWJmXkEyXkFqcGdeQXVyMTkxNjUyNQ@@._V1_SY150_CR9,0,101,150_.jpg"
71,My Love from the Star,2013,58 min.,"https://m.media-amazon.com/images/M/MV5BYTA2MTZhMmQtN2VmOC00NTc4LWE2ZWQtNzc5ZDk5YWE4NDdlXkEyXkFqcGdeQXVyMzE4MDkyNTA@._V1_SX101_CR0,0,101,150_.jpg"
72,Empress Ki,2013,1 hr. 5 min.,"https://m.media-amazon.com/images/M/MV5BNThlM2ZjYzItYzhmYS00MjI5LTg5YTAtYzZlN2FjNmIwYzc3XkEyXkFqcGdeQXVyMTMxODk2OTU@._V1_SY150_CR3,0,101,150_.jpg"
73,Age of Youth,2016,60 min.,"https://m.media-amazon.com/images/M/MV5BZTRiNTJlMGUtNzRmOS00OGU5LWJjNzktOWNlMmI1ZTQ3NGI5XkEyXkFqcGdeQXVyMzE4MDkyNTA@._V1_SY150_CR2,0,101,150_.jpg"
74,Mystic Pop-Up Bar,2020,1 hr. 8 min.,"https://m.media-amazon.com/images/M/MV5BM2Q5NWE0ZjctYWI2MS00N2E1LWE5NjAtYTY5ZTRjN2ZmZWJlXkEyXkFqcGdeQXVyMTMxODk2OTU@._V1_SY150_CR2,0,101,150_.jpg"
75,Cruel City,2013,60 min.,"https://m.media-amazon.com/images/M/MV5BOGRhNzA5NjUtMWNhNS00MWViLTg3YWEtYzkzZDMwMTJlY2RhXkEyXkFqcGdeQXVyMzE4MDkyNTA@._V1_SX101_CR0,0,101,150_.jpg"
76,365,2020,35 min.,"https://m.media-amazon.com/images/M/MV5BMDdhYzNkOWQtYWNlNi00NDdjLWJlZDMtMjJjZDYyNjAxM2U1XkEyXkFqcGdeQXVyMTQyMTMwOTk0._V1_SY150_CR6,0,101,150_.jpg"
77,Designated Survivor,2019,1 hr. 10 min.,"https://m.media-amazon.com/images/M/MV5BZTdkMGNhZmYtNzAxMy00NWJkLThkN2MtNjVkNzY0NzVlMWQ4XkEyXkFqcGdeQXVyMTA0MDgzNTE1._V1_SY150_CR0,0,101,150_.jpg"
78,Just Between Lovers,2017,1 hr. 13 min.,"https://m.media-amazon.com/images/M/MV5BMjRiMDcyMGItZDNjNy00ZTcyLWFlZDItNTY3YjEyMTg0MmIwXkEyXkFqcGdeQXVyNDU4MDQ0MjM@._V1_SY150_CR2,0,101,150_.jpg"
79,Squid Game,2021,60 min.,"https://m.media-amazon.com/images/M/MV5BYWE3MDVkN2EtNjQ5MS00ZDQ4LTliNzYtMjc2YWMzMDEwMTA3XkEyXkFqcGdeQXVyMTEzMTI1Mjk3._V1_SY150_CR0,0,101,150_.jpg"
80,Avengers Social Club,2017,60 min.,"https://m.media-amazon.com/images/M/MV5BOTBmNjAxZTgtNmE3NS00ZmE4LWEzZTktNmFiZjQ0YWEzOWJmXkEyXkFqcGdeQXVyMzE4MDkyNTA@._V1_SY150_CR2,0,101,150_.jpg"
81,The Master's Sun,2013,1 hr. 2 min.,"https://m.media-amazon.com/images/M/MV5BYmEyNzBkZDQtODZjOS00NDQ3LTk2MGYtMTBiNWIyZjMxZDljXkEyXkFqcGdeQXVyMzE4MDkyNTA@._V1_SX101_CR0,0,101,150_.jpg"
82,Once Again,2020,35 min.,"https://m.media-amazon.com/images/M/MV5BMjkzNGQxNzctNzhlYi00Mzc2LWIwMmYtYTgyNmQ3MWZlYWYxXkEyXkFqcGdeQXVyMjk4OTc2MTg@._V1_SY150_CR0,0,101,150_.jpg"
83,Save Me,2017,60 min.,"https://m.media-amazon.com/images/M/MV5BNzljODAwZTAtMjcxYi00MDIyLWIwNjMtNWE4ZDg3MDZiMTg1XkEyXkFqcGdeQXVyMTI5OTk3NDY5._V1_SY150_CR0,0,101,150_.jpg"
84,Bad Guys,2014,1 hr. 5 min.,"https://m.media-amazon.com/images/M/MV5BMDhkYmU0MzctMWEzNy00ODg1LWI3ZjAtMGZlZjkzNWVmMzVjXkEyXkFqcGdeQXVyMTM1MTE1NDMx._V1_SX101_CR0,0,101,150_.jpg"
85,Missing,2020,1 hr. 10 min.,"https://m.media-amazon.com/images/M/MV5BZTk1ZWJlZjEtM2M2My00YTVhLWFkY2QtMGRmODRmNzk5MDY3XkEyXkFqcGdeQXVyMTAxNzQ1NzI@._V1_SY150_CR0,0,101,150_.jpg"
86,Rebel,2017,60 min.,"https://m.media-amazon.com/images/M/MV5BYWEyNzdhZTMtZDZlMC00NTZhLWEzMTQtZWQ4NWFmZmI0OGQ1XkEyXkFqcGdeQXVyMTEzMTI1Mjk3._V1_SY150_CR127,0,101,150_.jpg"
87,Nobody Knows,2020,1 hr. 10 min.,"https://m.media-amazon.com/images/M/MV5BMjE5ZTA2YzQtM2M0My00OGNkLWE2YTAtYzA3YWE2YTQ0OWJmXkEyXkFqcGdeQXVyMTI3ODAyMzE2._V1_SY150_CR2,0,101,150_.jpg"
88,I Hear Your Voice,2013,60 min.,"https://m.media-amazon.com/images/M/MV5BYTY0Zjg2ODgtYjRmYS00ODRmLWFiMTAtOTFkMGUxNzA2MjJiXkEyXkFqcGdeQXVyMzE4MDkyNTA@._V1_SX101_CR0,0,101,150_.jpg"
89,Reply 1997,2012,60 min.,"https://m.media-amazon.com/images/M/MV5BYWM1ODM0ZTYtOGViMS00MGRlLTgzNGQtYWE4NGQ3ZmQ3ZDZmXkEyXkFqcGdeQXVyMTMxODk2OTU@._V1_SY150_CR3,0,101,150_.jpg"
90,Kairos,2020,1 hr. 10 min.,"https://m.media-amazon.com/images/M/MV5BNmQ4MjBhNGMtZmQ4Mi00MjIwLTkwYzctOGU1OTIwNzJlYjVlXkEyXkFqcGdeQXVyNjc3MjQzNTI@._V1_SY150_CR2,0,101,150_.jpg"
91,Dali and the Cocky Prince,2021,1 hr. 5 min.,"https://m.media-amazon.com/images/M/MV5BOTg0NGM1MzAtYjNjMi00ODYwLTk4NjAtZmRjYjlmODk4YTZiXkEyXkFqcGdeQXVyNDY5MjMyNTg@._V1_SY150_CR2,0,101,150_.jpg"
92,Yumi's Cells,2021,1 hr. 10 min.,"https://m.media-amazon.com/images/M/MV5BYjFmNTUyMmQtMGQ0Yy00YWY3LTkxOTEtMDQxZjIzNDE4NGVmXkEyXkFqcGdeQXVyNDY5MjMyNTg@._V1_SY150_CR2,0,101,150_.jpg"
93,Arthdal Chronicles Part 1,2019,1 hr. 20 min.,"https://m.media-amazon.com/images/M/MV5BNzI1MjM5MDk4OF5BMl5BanBnXkFtZTgwMzgzMDIyNTE@._V1_SY150_CR0,0,101,150_.jpg"
94,Beautiful World,2019,60 min.,"https://m.media-amazon.com/images/M/MV5BYjY5MTdhY2YtODRhMi00ZjY4LTk1OGEtZWFkMmZhMDMyNWU2XkEyXkFqcGdeQXVyNjc3MjQzNTI@._V1_SX101_CR0,0,101,150_.jpg"
95,What's Wrong with Secretary Kim,2018,1 hr. 9 min.,"https://m.media-amazon.com/images/M/MV5BMGM2ODk3MTItN2ZkOS00ODMzLTg1ZjgtMWI3Y2U5ZDNmMzc0XkEyXkFqcGdeQXVyNjI4NDY5ODM@._V1_SX101_CR0,0,101,150_.jpg"
96,Vagabond,2019,1 hr. 10 min.,"https://m.media-amazon.com/images/M/MV5BNDYwNjViZWUtMDU0NC00OTNmLTlmNWItNjFkODM1ZjgwZTZhXkEyXkFqcGdeQXVyNjc3MjQzNTI@._V1_SY150_CR2,0,101,150_.jpg"
97,Doctor John,2019,35 min.,"https://m.media-amazon.com/images/M/MV5BYjRmZThkZmEtOTEzMy00YTRjLTgwMjQtYjgxNmIzZDhiOTNkXkEyXkFqcGdeQXVyNjc3MjQzNTI@._V1_SY150_CR2,0,101,150_.jpg"
98,When the Camellia Blooms,2019,35 min.,"https://m.media-amazon.com/images/M/MV5BZjM5ODk0MGItOWFjNS00NjUxLWEwM2EtYzBiYjAwNzE0MmE3XkEyXkFqcGdeQXVyNjc3MjQzNTI@._V1_SY150_CR2,0,101,150_.jpg"
99,Because This Is My First Life,2017,1 hr. 10 min.,"https://m.media-amazon.com/images/M/MV5BNzIzNjRiMjEtNDg0Ny00NmUxLThkNDctMDYyOTU2ZjBhYTIyXkEyXkFqcGdeQXVyMTMxODk2OTU@._V1_SY150_CR3,0,101,150_.jpg"
100,Fight For My Way,2017,60 min.,"https://m.media-amazon.com/images/M/MV5BOTFkYWM2OGMtZmMwYS00OGM1LWE3MmItNGZjMmQ4YzgzZjVlXkEyXkFqcGdeQXVyNzk0NTA5NQ@@._V1_SY150_CR2,0,101,150_.jpg"
